,,,,,
Course,Rating,Level,Free/Paid,Duration,Subject
Learn HTML5 Programming From Scratch,0.82,Beginner Level,Free,10.5,Web Development
Coding for Entrepreneurs Basic,0.69,Expert Level,Free,3.5,Web Development
The Web Developer Bootcamp,0.89,Beginner Level,Paid,43,Web Development
Build Your First Website in 1 Week with HTML5 and CSS3,0.78,All Levels,Free,3,Web Development
The Complete Web Developer Course 2.0,0.55,Beginner Level,Paid,30.5,Web Development
Free Beginner Electric Guitar Lessons,0.88,All Levels,Free,4.5,Musical Instruments
Web Design for Web Developers: Build Beautiful Websites!,0.82,All Levels,Free,3,Web Development
Learn Javascript & JQuery From Scratch,0.79,All Levels,Paid,2,Web Development
Practical PHP: Master the Basics and Code Dynamic Websites,0.85,Intermediate Level,Free,6.5,Web Development
JavaScript: Understanding the Weird Parts,0.69,All Levels,Paid,11.5,Web Development
Pianoforall - Incredible New Way To Learn Piano & Keyboard,0.96,Beginner Level,Paid,30,Musical Instruments
Angular 4 (formerly Angular 2) - The Complete Guide,0.90,Beginner Level,Paid,22,Web Development
Beginner Photoshop to HTML5 and CSS3,0.94,All Levels,Free,2,Web Development
Web Development By Doing: HTML / CSS From Scratch,0.39,All Levels,Free,1,Web Development
HTML and CSS for Beginners - Build a Website & Launch ONLINE,0.57,All Levels,Free,6,Web Development
Become a Web Developer from Scratch,0.61,All Levels,Paid,27.5,Web Development
Bitcoin or How I Learned to Stop Worrying and Love Crypto,0.56,All Levels,Free,8,Business Finance
Quickstart AngularJS,0.96,Beginner Level,Free,1.5,Web Development
Learn Responsive Web Development from Scratch,0.55,All Levels,Free,4.5,Web Development
Learn and Understand AngularJS,0.87,Beginner Level,Paid,7,Web Development